{
  "LinearRegression": {
    "MSE": 804.0428451935633,
    "RMSE": 28.35564926418655,
    "MAE": 22.91833869643939,
    "R2": 0.99361293149488,
    "MAPE": 3.2858244545905335
  },
  "RandomForest": {
    "MSE": 2381.1035512548765,
    "RMSE": 48.79655265748674,
    "MAE": 35.05235972883001,
    "R2": 0.9810852473962524,
    "MAPE": 4.59960390968127
  },
  "GradientBoosting": {
    "MSE": 1304.176513151214,
    "RMSE": 36.11338412765016,
    "MAE": 26.390520573578634,
    "R2": 0.9896400238096017,
    "MAPE": 3.2321189326097475
  }
}